"ID","CF_1","PW_1","BW_1","CF_2","PW_2","BW_2","offset","exponent","r2s","err"
244,10.2397857721651,1.39291113967571,2.38095481105772,19.5665138056422,0.371908964949158,2.19412327926139,2.16291607379714,1.98379651437621,0.989133076474726,0.0582656224279602
